{"cameraMode":{"drawMode":0,"name":"Shaded","section":"Shading Mode"},"sceneLighting":false,"audioPlay":false,"sceneViewState":{"m_AlwaysRefresh":false,"showFog":true,"showSkybox":true,"showFlares":true,"showImageEffects":true,"showParticleSystems":true,"showVisualEffectGraphs":true,"m_FxEnabled":true},"in2DMode":false,"pivot":{"x":-22.738502502441408,"y":-62.990379333496097,"z":104.08036041259766},"rotation":{"x":-0.28802141547203066,"y":0.06312387436628342,"z":-0.018998125568032266,"w":-0.9553613066673279},"size":127.40655517578125,"orthographic":false}