{"cameraMode":{"drawMode":0,"name":"Shaded","section":"Shading Mode"},"sceneLighting":true,"audioPlay":false,"sceneViewState":{"m_AlwaysRefresh":false,"showFog":true,"showSkybox":true,"showFlares":true,"showImageEffects":true,"showParticleSystems":true,"showVisualEffectGraphs":true,"m_FxEnabled":true},"in2DMode":false,"pivot":{"x":-0.3521108031272888,"y":19.345937728881837,"z":-30.75214958190918},"rotation":{"x":-0.22046495974063874,"y":-0.012585035525262356,"z":0.00284464075230062,"w":-0.9753098487854004},"size":7.071067810058594,"orthographic":false}