{"cameraMode":{"drawMode":0,"name":"Shaded","section":"Shading Mode"},"sceneLighting":false,"audioPlay":false,"sceneViewState":{"showFog":true,"showMaterialUpdate":false,"showSkybox":false,"showFlares":true,"showImageEffects":true,"showParticleSystems":true},"in2DMode":false,"pivot":{"x":-0.0432041734457016,"y":-3.326326370239258,"z":1.8335061073303223},"rotation":{"x":-0.21755371987819673,"y":0.013400092720985413,"z":-0.002990123350173235,"w":-0.9759518504142761},"size":14.325018882751465,"orthographic":false}