{"cameraMode":{"drawMode":0,"name":"Shaded","section":"Shading Mode"},"sceneLighting":false,"audioPlay":false,"sceneViewState":{"showFog":true,"showMaterialUpdate":false,"showSkybox":false,"showFlares":true,"showImageEffects":true,"showParticleSystems":true},"in2DMode":false,"pivot":{"x":1.5723633766174317,"y":0.5841422080993652,"z":2.400989055633545},"rotation":{"x":0.15259699523448945,"y":-0.7537656426429749,"z":0.18831253051757813,"w":0.6108109354972839},"size":9.656207084655762,"orthographic":false}