{"cameraMode":{"drawMode":0,"name":"Shaded","section":"Shading Mode"},"sceneLighting":false,"audioPlay":false,"sceneViewState":{"showFog":true,"showMaterialUpdate":false,"showSkybox":false,"showFlares":true,"showImageEffects":true,"showParticleSystems":true},"in2DMode":false,"pivot":{"x":3.4138548374176027,"y":5.3850250244140629,"z":0.3011345863342285},"rotation":{"x":-0.24041126668453217,"y":0.7593311667442322,"z":-0.416140079498291,"w":-0.438686728477478},"size":4.54083776473999,"orthographic":false}