{"cameraMode":{"drawMode":0,"name":"Shaded","section":"Shading Mode"},"sceneLighting":false,"audioPlay":false,"sceneViewState":{"showFog":true,"showMaterialUpdate":false,"showSkybox":false,"showFlares":true,"showImageEffects":true,"showParticleSystems":true},"in2DMode":false,"pivot":{"x":-8.758353233337403,"y":-3.8966755867004396,"z":-17.137706756591798},"rotation":{"x":-0.09071382135152817,"y":0.8960407376289368,"z":-0.21531663835048676,"w":-0.3775191903114319},"size":50.848323822021487,"orthographic":false}