{"cameraMode":{"drawMode":0,"name":"Shaded","section":"Shading Mode"},"sceneLighting":false,"audioPlay":false,"sceneViewState":{"showFog":true,"showMaterialUpdate":false,"showSkybox":false,"showFlares":true,"showImageEffects":true,"showParticleSystems":true},"in2DMode":false,"pivot":{"x":-4.103611946105957,"y":-10.881552696228028,"z":-6.457592010498047},"rotation":{"x":-0.049220409244298938,"y":0.940981924533844,"z":-0.29606565833091738,"w":-0.1564464420080185},"size":25.84287452697754,"orthographic":false}