{"cameraMode":{"drawMode":0,"name":"Shaded","section":"Shading Mode"},"sceneLighting":false,"audioPlay":false,"sceneViewState":{"showFog":true,"showMaterialUpdate":false,"showSkybox":false,"showFlares":true,"showImageEffects":true,"showParticleSystems":true},"in2DMode":false,"pivot":{"x":-3.854179620742798,"y":2.5556836128234865,"z":-3.3010787963867189},"rotation":{"x":0.21450982987880708,"y":0.16442641615867616,"z":-0.03665947914123535,"w":0.9620839953422546},"size":0.00005634145418298431,"orthographic":false}