{"cameraMode":{"drawMode":0,"name":"Shaded","section":"Shading Mode"},"sceneLighting":false,"audioPlay":false,"sceneViewState":{"showFog":true,"showMaterialUpdate":false,"showSkybox":false,"showFlares":true,"showImageEffects":true,"showParticleSystems":true},"in2DMode":false,"pivot":{"x":-0.020766258239746095,"y":7.030852794647217,"z":58.05195617675781},"rotation":{"x":-0.030333932489156724,"y":-0.059431519359350207,"z":0.0018039970891550184,"w":-0.9977697730064392},"size":22.0,"orthographic":false}