{"cameraMode":{"drawMode":0,"name":"Shaded","section":"Shading Mode"},"sceneLighting":false,"audioPlay":false,"sceneViewState":{"showFog":true,"showMaterialUpdate":false,"showSkybox":false,"showFlares":true,"showImageEffects":true,"showParticleSystems":true},"in2DMode":false,"pivot":{"x":2.8518335819244386,"y":-2.4559555053710939,"z":6.545063018798828},"rotation":{"x":-0.15363042056560517,"y":-0.20854412019252778,"z":0.03318728134036064,"w":-0.9653008580207825},"size":11.379209518432618,"orthographic":false}