{"cameraMode":{"drawMode":0,"name":"Shaded","section":"Shading Mode"},"sceneLighting":false,"audioPlay":false,"sceneViewState":{"showFog":true,"showMaterialUpdate":false,"showSkybox":false,"showFlares":true,"showImageEffects":true,"showParticleSystems":true},"in2DMode":false,"pivot":{"x":6.050482273101807,"y":-2.851548194885254,"z":3.644789695739746},"rotation":{"x":-0.18737763166427613,"y":-0.4434337019920349,"z":0.09535976499319077,"w":-0.8712994456291199},"size":13.064775466918946,"orthographic":false}