{"cameraMode":{"drawMode":0,"name":"Shaded","section":"Shading Mode"},"sceneLighting":false,"audioPlay":false,"sceneViewState":{"showFog":true,"showMaterialUpdate":false,"showSkybox":false,"showFlares":true,"showImageEffects":true,"showParticleSystems":true},"in2DMode":false,"pivot":{"x":16.179080963134767,"y":1.627189040184021,"z":3.5775418281555177},"rotation":{"x":-0.05653686076402664,"y":-0.702999472618103,"z":0.05623652786016464,"w":-0.7067055702209473},"size":21.026424407958986,"orthographic":false}