{"cameraMode":{"drawMode":0,"name":"Shaded","section":"Shading Mode"},"sceneLighting":false,"audioPlay":false,"sceneViewState":{"showFog":true,"showMaterialUpdate":false,"showSkybox":false,"showFlares":true,"showImageEffects":true,"showParticleSystems":true},"in2DMode":false,"pivot":{"x":-1.7565279006958008,"y":0.32855623960494997,"z":7.331841468811035},"rotation":{"x":0.13463491201400758,"y":0.5771526098251343,"z":-0.09718112647533417,"w":0.799577534198761},"size":18.917678833007814,"orthographic":false}